English,Hindi,Math,Science,SST,Stream1,Stream2,Stream3,Stream4
100,99,52,77,93,PCM,PCB,Commerce,Arts
53,52,57,60,80,Commerce,Arts,,
64,98,84,72,94,PCM,PCB,Commerce,Arts
82,69,98,46,59,Commerce,Arts,,
74,55,74,61,49,Commerce,Arts,,
33,41,81,42,50,Arts,,,
46,72,66,45,49,Commerce,Arts,,
50,83,43,78,93,Arts,,,
94,57,64,38,31,Commerce,Arts,,
54,90,98,85,83,PCM,PCB,Commerce,Arts
47,36,34,45,50,Arts,,,
35,30,32,65,68,Arts,,,
42,85,79,35,85,Commerce,Arts,,
83,41,33,65,51,Arts,,,
66,50,46,40,82,Arts,,,
43,53,32,49,90,Arts,,,
70,51,79,63,59,Commerce,Arts,,
31,48,97,46,97,Commerce,Arts,,
54,53,73,95,83,PCM,PCB,Commerce,Arts
66,31,41,76,95,Arts,,,
98,84,87,46,67,Commerce,Arts,,
53,99,99,96,59,PCM,PCB,Commerce,Arts
90,33,95,94,80,PCM,PCB,Commerce,Arts
64,96,94,35,42,Commerce,Arts,,
52,60,92,53,37,Commerce,Arts,,
79,55,40,30,52,Arts,,,
44,48,77,74,95,Commerce,Arts,,
65,32,94,65,44,Commerce,Arts,,
63,69,47,71,92,Arts,,,
86,79,37,46,77,Arts,,,
55,74,97,82,93,PCM,PCB,Commerce,Arts
41,88,42,82,75,Arts,,,
77,44,81,65,94,Commerce,Arts,,
71,82,77,84,46,PCM,PCB,Commerce,Arts
75,44,33,70,34,Arts,,,
70,98,43,73,79,PCB,Arts,,
55,59,33,52,75,Arts,,,
74,90,84,93,39,PCM,PCB,Commerce,Arts
66,37,46,89,43,Arts,,,
37,71,90,48,37,Commerce,Arts,,
39,52,39,61,81,Arts,,,
94,63,70,88,70,PCM,PCB,Commerce,Arts
49,73,60,90,43,Commerce,Arts,,
32,37,85,64,56,Commerce,Arts,,
44,46,78,65,46,Commerce,Arts,,
37,33,83,77,45,Commerce,Arts,,
97,49,35,30,68,Arts,,,
53,47,91,63,55,Commerce,Arts,,
64,63,74,34,72,Commerce,Arts,,
72,61,91,81,53,PCM,PCB,Commerce,Arts
49,47,81,70,59,Commerce,Arts,,
67,81,51,40,99,Commerce,Arts,,
32,100,51,65,49,Commerce,Arts,,
93,65,39,68,80,Arts,,,
53,77,77,90,54,PCM,PCB,Commerce,Arts
79,37,39,66,75,Arts,,,
67,49,35,91,41,Arts,,,
72,82,82,51,35,Commerce,Arts,,
30,55,38,76,76,Arts,,,
31,96,100,83,74,PCM,PCB,Commerce,Arts
92,74,87,67,68,Commerce,Arts,,
71,72,45,85,45,Arts,,,
94,34,78,77,99,PCM,PCB,Commerce,Arts
51,93,51,68,40,Commerce,Arts,,
37,57,91,34,40,Commerce,Arts,,
43,86,68,93,38,Commerce,Arts,,
61,67,92,94,77,PCM,PCB,Commerce,Arts
48,57,82,68,84,Commerce,Arts,,
74,52,36,60,79,Arts,,,
63,44,84,40,90,Commerce,Arts,,
62,62,43,31,100,Arts,,,
56,52,73,72,36,Commerce,Arts,,
81,82,96,46,73,Commerce,Arts,,
70,30,72,55,38,Commerce,Arts,,
80,88,71,99,42,PCM,PCB,Commerce,Arts
57,89,41,61,94,Arts,,,
30,72,36,100,30,Arts,,,
72,59,35,56,100,Arts,,,
40,31,71,38,60,Arts,,,
92,47,35,59,47,Arts,,,
83,87,69,77,71,PCB,Arts,,
55,49,72,36,92,Commerce,Arts,,
56,30,93,79,95,PCM,PCB,Commerce,Arts
61,76,60,46,47,Commerce,Arts,,
68,96,73,70,69,PCM,PCB,Commerce,Arts
84,97,99,87,57,PCM,PCB,Commerce,Arts
37,86,82,94,81,PCM,PCB,Commerce,Arts
63,98,82,81,78,PCM,PCB,Commerce,Arts
43,37,57,56,80,Commerce,Arts,,
95,87,53,47,97,Arts,,,
81,77,79,76,70,PCM,PCB,Commerce,Arts
77,85,34,34,78,Arts,,,
41,100,52,36,95,Commerce,Arts,,
60,76,73,35,96,Commerce,Arts,,
35,61,83,31,44,Commerce,Arts,,
56,55,79,61,61,Commerce,Arts,,
69,52,36,98,30,Arts,,,
91,39,84,68,81,Commerce,Arts,,
62,56,96,41,32,Commerce,Arts,,
54,40,67,44,60,Commerce,Arts,,
75,46,78,96,94,PCM,PCB,Commerce,Arts
85,44,38,61,38,Arts,,,
68,74,95,74,53,PCM,PCB,Commerce,Arts
39,37,47,30,99,Arts,,,
75,91,93,44,79,Commerce,Arts,,
46,87,91,92,43,PCM,PCB,Commerce,Arts
82,35,47,78,48,Arts,,,
99,32,72,71,98,PCM,PCB,Commerce,Arts
69,42,68,88,60,Commerce,Arts,,
88,30,67,34,65,Commerce,Arts,,
62,76,41,45,88,Arts,,,
91,90,94,91,100,PCM,PCB,Commerce,Arts
43,98,74,49,66,Commerce,Arts,,
92,90,46,40,85,Arts,,,
35,91,62,79,69,Commerce,Arts,,
63,45,94,83,38,Commerce,Arts,,
39,73,63,73,44,Commerce,Arts,,
31,95,31,57,63,Arts,,,
65,60,65,63,51,Commerce,Arts,,
80,97,80,93,95,PCM,PCB,Commerce,Arts
34,82,41,68,79,Arts,,,
85,49,42,71,82,Arts,,,
63,90,33,92,37,Arts,,,
94,56,36,90,58,Arts,,,
68,47,44,70,94,Arts,,,
65,62,31,31,81,Arts,,,
44,79,40,32,71,Arts,,,
89,93,76,80,37,PCM,PCB,Commerce,Arts
36,83,61,46,52,Commerce,Arts,,
32,89,99,84,49,PCM,PCB,Commerce,Arts
77,82,46,70,68,Arts,,,
75,67,64,34,80,Commerce,Arts,,
63,33,100,44,63,Commerce,Arts,,
78,58,55,32,79,Commerce,Arts,,
38,61,36,75,48,Arts,,,
38,46,55,40,71,Commerce,Arts,,
84,49,86,32,56,Commerce,Arts,,
35,45,61,97,40,Commerce,Arts,,
37,85,58,80,91,PCB,Arts,,
38,89,42,84,66,Arts,,,
62,86,69,99,70,PCB,Arts,,
67,100,68,39,68,Commerce,Arts,,
87,44,82,100,65,PCM,PCB,Commerce,Arts
37,100,94,80,58,PCM,PCB,Commerce,Arts
48,39,49,35,92,Arts,,,
37,94,79,83,63,PCM,PCB,Commerce,Arts
87,97,87,65,100,PCM,PCB,Commerce,Arts
69,48,35,87,99,Arts,,,
83,55,54,50,64,Commerce,Arts,,
39,57,33,65,56,Arts,,,
49,39,66,79,71,Commerce,Arts,,
34,94,97,78,46,Commerce,Arts,,
97,48,86,90,41,PCM,PCB,Commerce,Arts
70,51,71,67,75,Commerce,Arts,,
83,39,30,85,80,Arts,,,
99,42,44,89,46,Arts,,,
61,69,35,80,52,Arts,,,
68,45,55,66,64,Commerce,Arts,,
42,60,72,92,60,Commerce,Arts,,
90,46,87,55,36,Commerce,Arts,,
65,62,50,71,42,Commerce,Arts,,
96,88,94,98,47,PCM,PCB,Commerce,Arts
80,67,94,43,39,Commerce,Arts,,
97,62,91,98,50,PCM,PCB,Commerce,Arts
31,33,56,56,52,Arts,,,
98,39,49,69,73,Arts,,,
58,95,36,91,63,Arts,,,
76,72,33,94,56,Arts,,,
52,32,56,91,50,Commerce,Arts,,
45,46,95,63,51,Commerce,Arts,,
97,79,47,44,52,Arts,,,
48,32,78,64,94,Commerce,Arts,,
100,92,38,43,100,Arts,,,
94,75,74,88,90,PCM,PCB,Commerce,Arts
61,91,50,77,67,Commerce,Arts,,
70,61,55,62,87,Commerce,Arts,,
100,41,92,41,54,Commerce,Arts,,
91,99,58,90,92,PCM,PCB,Commerce,Arts
83,56,63,81,63,Commerce,Arts,,
76,76,70,94,79,PCM,PCB,Commerce,Arts
45,61,64,64,68,Commerce,Arts,,
65,99,83,100,81,PCM,PCB,Commerce,Arts
100,82,88,51,35,Commerce,Arts,,
97,36,42,32,75,Arts,,,
53,71,81,100,68,PCM,PCB,Commerce,Arts
67,64,53,96,79,PCB,Arts,,
47,60,79,96,40,Commerce,Arts,,
93,64,82,99,68,PCM,PCB,Commerce,Arts
85,33,40,38,49,Arts,,,
83,37,60,99,50,Commerce,Arts,,
46,45,72,59,35,Commerce,Arts,,
59,61,60,34,36,Commerce,Arts,,
81,92,44,78,47,Arts,,,
42,93,77,97,84,PCM,PCB,Commerce,Arts
89,48,87,88,79,PCM,PCB,Commerce,Arts
39,58,67,95,31,Commerce,Arts,,
33,48,75,39,95,Commerce,Arts,,
92,67,84,40,62,Commerce,Arts,,
45,76,73,66,82,Commerce,Arts,,
67,73,92,34,49,Commerce,Arts,,
36,37,34,39,60,Arts,,,
85,94,51,31,83,Commerce,Arts,,
32,55,60,87,71,Commerce,Arts,,
87,57,72,50,41,Commerce,Arts,,
51,49,65,49,56,Commerce,Arts,,
50,93,58,51,42,Commerce,Arts,,
61,70,76,66,60,Commerce,Arts,,
64,86,34,38,81,Arts,,,
95,68,62,50,95,Arts,,,
55,71,54,58,50,Commerce,Arts,,
83,55,94,78,31,Commerce,Arts,,
92,47,99,67,76,Commerce,Arts,,
67,65,92,93,32,Commerce,Arts,,
52,77,30,48,69,Arts,,,
99,91,36,85,36,Arts,,,
37,79,48,53,89,Arts,,,
95,96,92,66,75,PCM,PCB,Commerce,Arts
55,34,54,91,46,Commerce,Arts,,
50,76,94,83,34,Commerce,Arts,,
30,38,33,77,83,Arts,,,
82,64,79,100,38,PCM,PCB,Commerce,Arts
73,46,82,35,87,Commerce,Arts,,
69,91,100,63,72,Commerce,Arts,,
92,93,49,35,95,Arts,,,
81,45,79,100,48,PCM,PCB,Commerce,Arts
62,84,68,48,90,Arts,,,
48,62,75,85,55,Commerce,Arts,,
54,37,59,100,32,Commerce,Arts,,
34,41,61,80,93,Commerce,Arts,,
44,35,55,76,63,Commerce,Arts,,
59,62,37,35,63,Arts,,,
95,55,52,45,96,Commerce,Arts,,
52,47,32,55,78,Arts,,,
50,64,46,32,99,Arts,,,
64,58,94,43,87,Commerce,Arts,,
37,66,30,90,71,Arts,,,
63,39,37,82,83,Arts,,,
91,35,49,67,64,Arts,,,
87,51,70,67,47,Commerce,Arts,,
49,59,47,97,80,Arts,,,
77,59,42,42,76,Arts,,,
98,70,96,64,97,PCM,PCB,Commerce,Arts
97,87,43,75,91,PCB,Arts,,
70,66,31,97,58,Arts,,,
92,47,91,73,56,PCM,PCB,Commerce,Arts
42,58,63,34,43,Arts,,,
66,65,99,63,75,Commerce,Arts,,
42,59,85,90,99,PCM,PCB,Commerce,Arts
82,94,58,52,73,Arts,,,
74,46,92,63,96,Commerce,Arts,,
70,67,45,50,81,Arts,,,
48,75,46,92,52,Arts,,,
85,65,89,72,46,PCM,PCB,Commerce,Arts
96,68,82,39,98,Commerce,Arts,,
78,44,98,30,44,Commerce,Arts,,
76,31,82,72,84,Commerce,Arts,,
47,49,82,85,95,PCM,PCB,Commerce,Arts
63,82,64,68,88,Arts,,,
80,76,94,37,58,Commerce,Arts,,
55,34,91,43,52,Commerce,Arts,,
59,52,49,52,63,Arts,,,
79,49,72,31,54,Commerce,Arts,,
54,33,32,74,70,Arts,,,
66,95,73,66,97,Commerce,Arts,,
84,91,96,55,62,Commerce,Arts,,
88,85,86,42,65,Commerce,Arts,,
34,68,55,52,72,Commerce,Arts,,
33,81,50,93,62,Commerce,Arts,,
93,71,39,61,43,Arts,,,
35,75,75,41,70,Commerce,Arts,,
38,89,57,66,61,Commerce,Arts,,
97,71,47,41,60,Arts,,,
93,41,95,32,86,Commerce,Arts,,
71,45,86,55,65,Commerce,Arts,,
94,65,69,42,62,Commerce,Arts,,
81,58,94,55,90,Commerce,Arts,,
87,88,90,78,86,PCM,PCB,Commerce,Arts
89,35,53,78,100,PCB,Arts,,
45,69,76,30,88,Commerce,Arts,,
40,64,31,63,86,Arts,,,
33,96,52,95,45,Commerce,Arts,,
40,43,66,83,33,Commerce,Arts,,
68,78,89,45,71,Commerce,Arts,,
41,77,94,38,87,Commerce,Arts,,
63,46,69,57,87,Commerce,Arts,,
36,57,38,96,30,Arts,,,
57,88,46,51,66,Arts,,,
90,53,38,57,31,Arts,,,
61,53,44,61,53,Arts,,,
50,68,34,45,79,Arts,,,
83,93,95,90,69,PCM,PCB,Commerce,Arts
91,88,57,90,51,PCB,Arts,,
87,54,95,92,73,PCM,PCB,Commerce,Arts
35,40,41,57,63,Arts,,,
69,32,97,58,56,Commerce,Arts,,
76,51,97,99,62,PCM,PCB,Commerce,Arts
97,63,36,74,76,Arts,,,
84,87,52,52,77,Arts,,,
57,67,89,82,82,PCM,PCB,Commerce,Arts
39,64,82,66,40,Commerce,Arts,,
60,64,86,37,66,Commerce,Arts,,
89,82,45,87,70,PCB,Arts,,
61,93,92,90,49,PCM,PCB,Commerce,Arts
81,86,89,84,74,PCM,PCB,Commerce,Arts
44,59,89,63,88,Commerce,Arts,,
81,92,68,65,38,Commerce,Arts,,
54,63,88,33,70,Commerce,Arts,,
40,31,47,89,38,Arts,,,
48,94,42,73,65,Arts,,,
60,55,80,96,53,Commerce,Arts,,
82,91,96,36,88,Commerce,Arts,,
85,91,96,53,57,Commerce,Arts,,
95,63,89,32,69,Commerce,Arts,,
40,36,31,71,47,Arts,,,
61,45,100,56,67,Commerce,Arts,,
57,63,82,79,34,Commerce,Arts,,
69,86,32,66,61,Arts,,,
50,32,43,59,37,Arts,,,
62,62,69,65,65,Commerce,Arts,,
94,86,44,32,47,Arts,,,
52,69,96,58,41,Commerce,Arts,,
78,91,59,36,81,Commerce,Arts,,
68,35,82,68,90,Commerce,Arts,,
64,79,53,92,65,PCB,Arts,,
36,90,67,39,50,Commerce,Arts,,
61,96,74,62,58,Commerce,Arts,,
92,76,68,55,77,Arts,,,
44,49,92,45,45,Commerce,Arts,,
70,62,69,50,94,Commerce,Arts,,
85,80,53,84,80,PCB,Arts,,
67,69,82,44,39,Commerce,Arts,,
85,81,84,48,95,Commerce,Arts,,
64,43,66,69,67,Commerce,Arts,,
89,89,82,96,68,PCM,PCB,Commerce,Arts
57,53,99,68,33,Commerce,Arts,,
81,46,77,86,34,Commerce,Arts,,
55,85,84,54,97,Commerce,Arts,,
52,43,31,81,81,Arts,,,
31,42,83,32,48,Arts,,,
49,36,75,56,54,Commerce,Arts,,
74,32,54,92,55,Commerce,Arts,,
96,35,76,48,70,Commerce,Arts,,
81,95,74,92,94,PCM,PCB,Commerce,Arts
96,30,73,59,39,Commerce,Arts,,
70,31,37,94,34,Arts,,,
99,91,92,72,40,PCM,PCB,Commerce,Arts
94,85,50,53,77,Arts,,,
46,74,33,67,31,Arts,,,
86,77,45,46,100,Arts,,,
51,34,80,96,84,Commerce,Arts,,
53,33,53,68,47,Commerce,Arts,,
96,33,86,47,89,Commerce,Arts,,
68,72,50,62,50,Commerce,Arts,,
63,40,72,31,93,Commerce,Arts,,
33,91,80,63,58,Commerce,Arts,,
50,53,80,99,70,PCM,PCB,Commerce,Arts
70,39,43,36,80,Arts,,,
40,86,61,96,80,PCB,Arts,,
66,79,45,94,31,Arts,,,
73,89,73,74,41,PCM,PCB,Commerce,Arts
93,59,79,87,57,PCM,PCB,Commerce,Arts
61,50,48,40,49,Arts,,,
32,65,95,86,75,PCM,PCB,Commerce,Arts
66,60,76,33,70,Commerce,Arts,,
81,96,52,31,47,Commerce,Arts,,
84,69,95,95,43,PCM,PCB,Commerce,Arts
61,69,31,64,38,Arts,,,
78,40,42,56,84,Arts,,,
74,49,97,82,33,Commerce,Arts,,
47,67,80,71,62,Commerce,Arts,,
100,32,75,46,82,Commerce,Arts,,
43,93,60,70,94,PCB,Arts,,
43,95,72,54,37,Commerce,Arts,,
57,65,86,54,84,Commerce,Arts,,
87,80,97,64,62,Commerce,Arts,,
97,60,98,44,97,Commerce,Arts,,
66,79,53,30,88,Commerce,Arts,,
32,55,57,46,41,Arts,,,
50,85,38,67,75,Arts,,,
58,66,63,31,71,Commerce,Arts,,
96,31,80,88,87,PCM,PCB,Commerce,Arts
96,40,92,75,31,Commerce,Arts,,
77,62,31,92,47,Arts,,,
38,93,66,46,82,Commerce,Arts,,
55,98,94,89,68,PCM,PCB,Commerce,Arts
71,36,90,38,75,Commerce,Arts,,
82,54,78,47,76,Commerce,Arts,,
87,65,54,43,71,Commerce,Arts,,
37,50,32,31,87,Arts,,,
48,76,45,95,77,Arts,,,
52,72,71,91,94,PCM,PCB,Commerce,Arts
37,81,86,59,34,Commerce,Arts,,
59,30,53,83,33,Commerce,Arts,,
90,52,32,38,43,Arts,,,
61,45,75,96,80,PCM,PCB,Commerce,Arts
95,100,95,54,86,PCM,PCB,Commerce,Arts
43,69,31,76,41,Arts,,,
56,78,60,68,59,Commerce,Arts,,
64,91,40,66,82,Arts,,,
72,65,88,98,81,PCM,PCB,Commerce,Arts
44,84,88,67,67,Commerce,Arts,,
60,42,50,93,56,Commerce,Arts,,
56,68,34,59,37,Arts,,,
61,72,45,57,90,Arts,,,
47,75,42,79,80,Arts,,,
98,73,42,80,77,PCB,Arts,,
31,37,37,56,66,Arts,,,
86,62,83,66,47,Commerce,Arts,,
53,40,99,59,92,Commerce,Arts,,
66,52,35,50,52,Arts,,,
100,40,100,81,45,PCM,PCB,Commerce,Arts
38,75,67,62,51,Commerce,Arts,,
32,32,80,77,56,Commerce,Arts,,
70,77,55,84,71,PCB,Arts,,
60,74,41,70,78,Arts,,,
79,88,52,47,35,Commerce,Arts,,
86,81,51,53,99,Arts,,,
51,30,78,52,83,Commerce,Arts,,
67,88,52,65,84,Arts,,,
96,60,41,47,55,Arts,,,
37,43,98,42,73,Commerce,Arts,,
81,80,59,87,51,PCB,Arts,,
83,40,90,78,50,Commerce,Arts,,
37,42,61,38,94,Commerce,Arts,,
42,74,41,100,83,Arts,,,
36,93,30,44,84,Arts,,,
78,57,41,45,45,Arts,,,
49,68,34,98,62,Arts,,,
37,67,43,52,74,Arts,,,
34,53,94,58,55,Commerce,Arts,,
44,77,99,38,89,Commerce,Arts,,
33,68,57,50,85,Commerce,Arts,,
81,72,92,54,83,Commerce,Arts,,
98,30,80,58,69,Commerce,Arts,,
30,42,45,97,89,Arts,,,
47,54,71,58,73,Commerce,Arts,,
30,74,81,42,79,Commerce,Arts,,
96,43,46,41,35,Arts,,,
40,91,45,46,82,Arts,,,
30,83,96,34,84,Commerce,Arts,,
92,99,37,64,73,Arts,,,
32,81,72,70,67,Commerce,Arts,,
77,39,90,30,31,Commerce,Arts,,
58,68,58,79,88,PCB,Arts,,
42,64,71,95,39,Commerce,Arts,,
32,46,63,63,37,Arts,,,
71,98,66,35,55,Commerce,Arts,,
51,74,91,34,54,Commerce,Arts,,
76,36,43,30,60,Arts,,,
42,32,97,43,89,Commerce,Arts,,
96,95,58,33,78,Arts,,,
91,31,45,59,89,Arts,,,
46,45,45,60,78,Arts,,,
43,63,50,66,37,Commerce,Arts,,
50,86,64,62,89,Arts,,,
31,41,33,88,67,Arts,,,
96,56,82,52,92,Commerce,Arts,,
57,50,48,70,81,Arts,,,
54,34,41,42,60,Arts,,,
52,31,95,45,34,Commerce,Arts,,
96,31,98,65,45,Commerce,Arts,,
92,39,90,40,77,Commerce,Arts,,
58,97,95,83,77,PCM,PCB,Commerce,Arts
53,74,94,30,34,Commerce,Arts,,
72,76,54,88,30,Commerce,Arts,,
67,34,62,53,83,Commerce,Arts,,
38,37,43,68,99,Arts,,,
51,56,97,57,52,Commerce,Arts,,
86,44,34,32,47,Arts,,,
79,55,77,71,45,Commerce,Arts,,
85,36,80,37,68,Commerce,Arts,,
77,73,54,40,36,Commerce,Arts,,
81,37,32,47,32,Arts,,,
40,63,63,45,53,Commerce,Arts,,
31,95,83,69,57,Commerce,Arts,,
87,79,38,46,71,Arts,,,
81,87,94,59,99,PCM,PCB,Commerce,Arts
84,92,72,82,92,PCM,PCB,Commerce,Arts
89,86,40,74,92,PCB,Arts,,
57,85,39,52,86,Arts,,,
87,59,41,77,53,Arts,,,
85,75,62,38,74,Commerce,Arts,,
99,95,79,34,55,Commerce,Arts,,
31,73,38,75,75,Arts,,,
46,76,49,63,94,Arts,,,
82,58,76,82,73,PCM,PCB,Commerce,Arts
90,86,47,69,54,Arts,,,
96,61,81,45,54,Commerce,Arts,,
30,50,93,74,37,Commerce,Arts,,
65,76,82,70,75,PCM,PCB,Commerce,Arts
43,60,90,65,82,Commerce,Arts,,
94,35,100,41,70,Commerce,Arts,,
71,93,75,82,96,PCM,PCB,Commerce,Arts
65,60,83,33,79,Commerce,Arts,,
37,89,77,54,79,Commerce,Arts,,
89,97,44,31,55,Arts,,,
36,34,47,65,95,Arts,,,
98,53,78,65,44,Commerce,Arts,,
90,61,95,51,79,Commerce,Arts,,
50,76,68,74,92,PCB,Arts,,
77,84,31,84,83,PCB,Arts,,
89,72,40,71,56,Arts,,,
81,99,37,88,56,PCB,Arts,,
34,71,75,88,37,Commerce,Arts,,
40,78,96,51,90,Commerce,Arts,,
59,65,87,70,38,Commerce,Arts,,
71,82,57,59,100,Arts,,,
52,48,53,37,59,Arts,,,
33,37,72,96,44,Commerce,Arts,,
31,96,53,80,94,PCB,Arts,,
84,72,82,93,90,PCM,PCB,Commerce,Arts
44,73,46,95,60,Arts,,,
77,48,30,43,70,Arts,,,
59,41,64,54,86,Commerce,Arts,,
66,33,62,70,68,Commerce,Arts,,
77,99,79,43,56,Commerce,Arts,,
30,90,73,58,60,Commerce,Arts,,
34,67,54,60,97,Commerce,Arts,,
38,53,85,64,48,Commerce,Arts,,
83,86,45,79,30,Arts,,,
88,62,96,59,86,Commerce,Arts,,
89,83,65,49,89,Arts,,,
69,65,47,37,49,Arts,,,
31,72,82,33,64,Commerce,Arts,,
32,39,47,33,79,Arts,,,
60,72,47,35,88,Arts,,,
72,91,92,79,58,PCM,PCB,Commerce,Arts
59,60,82,69,96,Commerce,Arts,,
91,78,78,58,60,Commerce,Arts,,
46,90,38,88,48,Arts,,,
74,72,37,40,83,Arts,,,
56,45,55,30,98,Commerce,Arts,,
93,56,98,34,62,Commerce,Arts,,
57,68,96,32,50,Commerce,Arts,,
94,66,45,47,98,Arts,,,
73,45,88,58,65,Commerce,Arts,,
70,72,55,83,93,PCB,Arts,,
83,46,76,99,47,PCM,PCB,Commerce,Arts
58,31,32,85,77,Arts,,,
34,45,75,98,94,Commerce,Arts,,
39,79,100,34,60,Commerce,Arts,,
99,45,44,33,94,Arts,,,
58,82,50,52,74,Commerce,Arts,,
92,84,42,99,85,PCM,PCB,Commerce,Arts
54,80,57,88,49,Commerce,Arts,,
30,57,79,64,62,Commerce,Arts,,
34,90,31,77,76,Arts,,,
63,57,61,93,38,Commerce,Arts,,
52,40,86,36,86,Commerce,Arts,,
48,38,41,63,42,Arts,,,
43,35,44,90,37,Arts,,,
87,92,33,77,63,PCB,Arts,,
93,36,87,70,86,PCM,PCB,Commerce,Arts
61,56,69,54,64,Commerce,Arts,,
74,94,64,35,35,Commerce,Arts,,
44,44,72,31,72,Commerce,Arts,,
43,46,86,73,62,Commerce,Arts,,
81,45,75,63,82,Commerce,Arts,,
95,61,34,67,88,Arts,,,
48,87,44,86,33,Arts,,,
70,74,34,31,47,Arts,,,
75,86,54,100,56,PCB,Arts,,
88,89,59,77,89,PCM,PCB,Commerce,Arts
99,61,67,97,50,PCB,Arts,,
100,32,98,36,31,Commerce,Arts,,
84,72,65,44,54,Commerce,Arts,,
91,47,51,43,94,Commerce,Arts,,
74,79,85,71,47,PCM,PCB,Commerce,Arts
78,91,94,100,70,PCM,PCB,Commerce,Arts
43,31,54,82,76,Commerce,Arts,,
49,66,33,60,95,Arts,,,
39,44,55,88,59,Commerce,Arts,,
52,36,87,84,87,Commerce,Arts,,
68,100,43,40,96,Arts,,,
58,73,97,43,77,Commerce,Arts,,
36,48,64,70,55,Commerce,Arts,,
78,37,81,62,67,Commerce,Arts,,
76,94,84,90,95,PCM,PCB,Commerce,Arts
68,92,70,90,52,PCM,PCB,Commerce,Arts
97,60,30,33,30,Arts,,,
85,86,55,91,62,PCB,Arts,,
53,96,42,33,74,Arts,,,
80,51,43,40,78,Arts,,,
80,60,49,66,99,Arts,,,
100,72,41,62,41,Arts,,,
69,82,40,62,51,Arts,,,
72,89,61,41,33,Commerce,Arts,,
82,53,60,35,75,Commerce,Arts,,
40,58,64,75,67,Commerce,Arts,,
72,52,66,73,35,Commerce,Arts,,
38,53,32,72,53,Arts,,,
31,61,61,72,65,Commerce,Arts,,
56,36,68,52,38,Commerce,Arts,,
82,36,89,78,82,PCM,PCB,Commerce,Arts
62,94,79,41,36,Commerce,Arts,,
58,45,85,38,65,Commerce,Arts,,
34,56,87,33,32,Arts,,,
90,40,41,98,65,Arts,,,
80,69,43,66,78,Arts,,,
36,44,42,51,79,Arts,,,
50,33,46,61,90,Arts,,,
68,95,97,65,77,PCM,PCB,Commerce,Arts
38,90,55,33,31,Arts,,,
36,67,87,82,77,Commerce,Arts,,
90,77,62,58,85,Arts,,,
36,84,44,81,98,Arts,,,
90,73,36,76,59,Arts,,,
89,44,60,88,83,PCB,Arts,,
37,39,94,95,48,Commerce,Arts,,
30,69,32,33,57,Arts,,,
55,36,56,98,84,Commerce,Arts,,
51,72,36,43,78,Arts,,,
91,91,75,100,93,PCM,PCB,Commerce,Arts
32,79,79,93,69,PCM,PCB,Commerce,Arts
100,43,80,64,31,Commerce,Arts,,
32,72,66,93,54,Commerce,Arts,,
38,76,66,93,31,Commerce,Arts,,
77,100,93,51,60,Commerce,Arts,,
43,47,55,41,55,Arts,,,
62,32,74,81,67,Commerce,Arts,,
44,47,66,46,39,Arts,,,
99,94,66,61,44,Arts,,,
75,91,86,78,49,PCM,PCB,Commerce,Arts
79,86,80,63,83,Commerce,Arts,,
69,67,70,81,77,PCM,PCB,Commerce,Arts
47,78,44,43,96,Arts,,,
39,40,34,100,100,Arts,,,
62,48,93,37,93,Commerce,Arts,,
38,38,95,74,71,Commerce,Arts,,
42,46,93,46,66,Commerce,Arts,,
93,64,35,73,77,Arts,,,
55,56,42,50,39,Arts,,,
84,93,49,52,71,Arts,,,
58,55,89,50,95,Commerce,Arts,,
60,30,74,89,41,Commerce,Arts,,
58,43,71,90,66,Commerce,Arts,,
89,35,97,58,98,Commerce,Arts,,
59,99,63,60,75,Arts,,,
95,62,71,92,53,PCM,PCB,Commerce,Arts
61,70,90,94,47,PCM,PCB,Commerce,Arts
67,96,97,35,65,Commerce,Arts,,
85,96,68,50,94,Arts,,,
67,90,74,78,61,PCM,PCB,Commerce,Arts
100,30,57,43,37,Commerce,Arts,,
54,71,41,39,31,Arts,,,
59,99,88,97,81,PCM,PCB,Commerce,Arts
78,62,60,61,36,Commerce,Arts,,
100,73,86,87,94,PCM,PCB,Commerce,Arts
74,85,47,55,99,Arts,,,
47,92,98,49,73,Commerce,Arts,,
31,55,88,63,97,Commerce,Arts,,
51,67,45,94,68,Arts,,,
72,42,58,90,59,Commerce,Arts,,
69,30,96,82,78,PCM,PCB,Commerce,Arts
56,35,69,60,74,Commerce,Arts,,
62,70,82,48,89,Commerce,Arts,,
46,43,75,78,62,Commerce,Arts,,
83,97,72,69,99,PCM,PCB,Commerce,Arts
48,70,100,36,69,Commerce,Arts,,
76,79,66,60,46,Commerce,Arts,,
70,93,42,83,70,PCB,Arts,,
60,44,97,91,54,Commerce,Arts,,
59,77,55,42,88,Commerce,Arts,,
88,40,57,47,36,Commerce,Arts,,
39,64,51,77,37,Commerce,Arts,,
93,50,51,87,42,Commerce,Arts,,
33,30,92,38,34,Arts,,,
82,63,86,79,88,PCM,PCB,Commerce,Arts
72,98,86,51,66,Commerce,Arts,,
50,97,44,48,76,Arts,,,
50,37,83,47,77,Commerce,Arts,,
84,58,67,40,40,Commerce,Arts,,
61,42,33,75,70,Arts,,,
45,82,37,80,96,Arts,,,
31,87,65,72,39,Commerce,Arts,,
30,67,57,70,92,Commerce,Arts,,
32,79,93,79,33,Commerce,Arts,,
48,39,67,72,32,Commerce,Arts,,
80,62,37,39,42,Arts,,,
63,38,75,87,90,PCM,PCB,Commerce,Arts
61,95,43,72,40,Arts,,,
65,91,74,51,48,Commerce,Arts,,
73,84,79,71,55,PCM,PCB,Commerce,Arts
65,68,88,83,58,PCM,PCB,Commerce,Arts
98,89,60,73,82,PCM,PCB,Commerce,Arts
33,33,46,54,81,Arts,,,
36,86,30,65,71,Arts,,,
69,37,57,77,41,Commerce,Arts,,
53,87,70,56,50,Commerce,Arts,,
62,34,44,50,64,Arts,,,
58,81,57,92,76,PCB,Arts,,
53,54,92,70,44,Commerce,Arts,,
65,40,72,92,72,Commerce,Arts,,
100,50,72,64,76,Commerce,Arts,,
95,46,31,82,70,Arts,,,
64,87,58,65,91,Arts,,,
42,69,82,34,57,Commerce,Arts,,
95,59,36,43,51,Arts,,,
45,86,72,77,60,Commerce,Arts,,
48,52,42,66,39,Arts,,,
65,74,97,30,31,Commerce,Arts,,
98,40,79,51,40,Commerce,Arts,,
93,32,95,58,64,Commerce,Arts,,
63,99,35,98,53,Arts,,,
52,65,90,76,49,Commerce,Arts,,
42,98,65,63,56,Commerce,Arts,,
90,79,77,97,85,PCM,PCB,Commerce,Arts
58,74,36,46,84,Arts,,,
99,100,30,77,85,PCB,Arts,,
64,93,74,77,36,Commerce,Arts,,
35,49,76,35,78,Commerce,Arts,,
39,77,73,38,36,Commerce,Arts,,
32,90,35,44,91,Arts,,,
36,92,96,78,70,PCM,PCB,Commerce,Arts
96,42,55,70,94,PCB,Arts,,
96,59,70,32,82,Commerce,Arts,,
98,89,100,33,68,Commerce,Arts,,
43,38,56,41,75,Commerce,Arts,,
54,59,45,93,82,Arts,,,
95,54,70,72,66,PCM,PCB,Commerce,Arts
67,64,36,39,82,Arts,,,
42,70,30,53,87,Arts,,,
74,61,68,94,59,PCB,Arts,,
58,92,93,44,60,Commerce,Arts,,
32,100,71,34,73,Commerce,Arts,,
68,75,36,58,35,Arts,,,
48,58,62,100,82,PCB,Arts,,
41,98,52,57,30,Commerce,Arts,,
52,71,68,84,76,PCB,Arts,,
36,56,48,93,99,Arts,,,
53,64,87,68,93,Commerce,Arts,,
79,71,33,93,93,PCB,Arts,,
34,96,38,32,46,Arts,,,
48,72,35,99,54,Arts,,,
86,70,68,85,37,Commerce,Arts,,
97,64,73,31,79,Commerce,Arts,,
72,60,39,95,74,Arts,,,
93,78,88,54,84,Commerce,Arts,,
34,36,70,44,64,Arts,,,
45,87,73,70,88,PCM,PCB,Commerce,Arts
86,38,46,49,65,Arts,,,
54,37,47,59,88,Arts,,,
44,66,71,50,42,Commerce,Arts,,
38,86,100,64,64,Commerce,Arts,,
100,100,37,98,79,PCM,PCB,Commerce,Arts
64,66,58,56,34,Commerce,Arts,,
98,100,95,38,78,PCM,PCB,Commerce,Arts
88,96,82,68,98,PCM,PCB,Commerce,Arts
43,55,94,64,32,Commerce,Arts,,
66,46,45,73,58,Arts,,,
47,55,68,36,38,Arts,,,
89,78,59,81,50,PCB,Arts,,
97,80,86,49,68,Commerce,Arts,,
40,67,81,70,46,Commerce,Arts,,
80,90,61,97,93,PCM,PCB,Commerce,Arts
35,55,75,93,81,Commerce,Arts,,
43,57,100,52,75,Commerce,Arts,,
63,31,98,58,36,Commerce,Arts,,
56,35,31,88,42,Arts,,,
77,51,100,52,45,Commerce,Arts,,
60,48,41,53,80,Arts,,,
48,86,38,90,65,Arts,,,
83,53,67,30,98,Commerce,Arts,,
89,98,82,60,36,Commerce,Arts,,
75,44,100,39,80,Commerce,Arts,,
38,61,78,39,62,Commerce,Arts,,
78,67,35,44,88,Arts,,,
42,31,65,51,67,Commerce,Arts,,
78,36,57,52,72,Commerce,Arts,,
72,39,100,95,92,PCM,PCB,Commerce,Arts
63,54,96,51,78,Commerce,Arts,,
60,89,31,58,45,Arts,,,
45,98,80,80,58,PCM,PCB,Commerce,Arts
59,47,77,72,39,Commerce,Arts,,
49,78,33,67,67,Arts,,,
53,71,84,62,38,Commerce,Arts,,
90,87,64,53,50,Commerce,Arts,,
32,71,95,49,90,Commerce,Arts,,
55,41,59,75,69,Commerce,Arts,,
97,78,90,58,50,Commerce,Arts,,
55,51,53,35,34,Arts,,,
58,50,35,50,64,Arts,,,
61,54,75,90,67,Commerce,Arts,,
99,70,75,93,55,PCM,PCB,Commerce,Arts
94,73,93,44,37,Commerce,Arts,,
76,61,97,33,100,Commerce,Arts,,
78,78,71,56,88,Commerce,Arts,,
53,93,96,68,80,Commerce,Arts,,
31,99,40,91,67,Arts,,,
77,83,64,85,40,Commerce,Arts,,
39,83,57,43,82,Commerce,Arts,,
69,95,37,59,76,Arts,,,
75,100,61,70,48,PCB,Arts,,
83,48,84,79,80,PCM,PCB,Commerce,Arts
70,76,71,83,45,Commerce,Arts,,
93,53,57,35,37,Commerce,Arts,,
30,62,98,36,96,Commerce,Arts,,
90,93,83,55,83,PCM,PCB,Commerce,Arts
36,81,92,69,87,Commerce,Arts,,
55,58,55,85,36,Commerce,Arts,,
76,80,94,99,85,PCM,PCB,Commerce,Arts
42,69,93,99,30,Commerce,Arts,,
45,51,82,43,94,Commerce,Arts,,
79,99,71,34,49,Commerce,Arts,,
74,33,50,39,96,Commerce,Arts,,
98,76,97,97,50,PCM,PCB,Commerce,Arts
31,85,61,43,37,Commerce,Arts,,
68,85,96,35,54,Commerce,Arts,,
90,59,46,39,65,Arts,,,
85,42,70,88,99,PCM,PCB,Commerce,Arts
70,30,93,99,36,Commerce,Arts,,
49,81,60,93,80,PCB,Arts,,
61,76,68,71,66,Commerce,Arts,,
78,73,67,42,32,Commerce,Arts,,
93,52,50,81,78,PCB,Arts,,
96,99,86,50,81,PCM,PCB,Commerce,Arts
51,48,63,57,88,Commerce,Arts,,
68,42,54,76,91,Commerce,Arts,,
100,98,47,53,39,Arts,,,
89,68,76,51,63,Commerce,Arts,,
50,76,39,84,80,Arts,,,
94,59,95,54,91,Commerce,Arts,,
34,33,37,55,38,Arts,,,
77,39,30,34,64,Arts,,,
64,33,41,100,37,Arts,,,
86,52,69,47,85,Commerce,Arts,,
61,93,60,42,85,Commerce,Arts,,
70,35,57,32,59,Commerce,Arts,,
63,42,67,43,47,Commerce,Arts,,
81,56,39,72,100,Arts,,,
31,45,31,52,58,Arts,,,
30,68,85,48,42,Commerce,Arts,,
82,34,43,89,42,Arts,,,
84,85,35,62,69,Arts,,,
73,37,88,72,48,Commerce,Arts,,
99,77,56,49,53,Commerce,Arts,,
94,97,58,80,62,PCB,Arts,,
80,85,53,97,64,PCB,Arts,,
80,95,40,82,86,PCB,Arts,,
89,51,40,55,61,Arts,,,
79,69,45,81,48,Arts,,,
100,56,82,98,49,PCM,PCB,Commerce,Arts
94,90,63,95,88,PCM,PCB,Commerce,Arts
37,79,74,78,31,Commerce,Arts,,
52,84,37,62,82,Arts,,,
36,71,92,73,97,PCM,PCB,Commerce,Arts
69,37,49,98,96,Arts,,,
89,95,53,98,63,PCB,Arts,,
56,64,55,90,53,Commerce,Arts,,
84,47,63,86,60,Commerce,Arts,,
60,33,71,55,78,Commerce,Arts,,
91,31,38,83,76,Arts,,,
81,31,30,98,55,Arts,,,
87,65,77,75,68,PCM,PCB,Commerce,Arts
89,65,62,55,100,Arts,,,
79,83,30,77,57,Arts,,,
55,80,59,66,97,Arts,,,
68,45,88,66,89,Commerce,Arts,,
53,45,69,80,37,Commerce,Arts,,
85,73,30,41,64,Arts,,,
43,41,52,82,50,Commerce,Arts,,
74,33,68,56,91,Commerce,Arts,,
96,54,83,68,35,Commerce,Arts,,
53,44,30,71,68,Arts,,,
31,47,96,95,35,Commerce,Arts,,
49,45,55,37,83,Commerce,Arts,,
94,43,77,94,98,PCM,PCB,Commerce,Arts
62,91,48,89,49,Arts,,,
33,87,60,89,80,Commerce,Arts,,
64,46,64,95,79,Commerce,Arts,,
68,33,58,65,62,Commerce,Arts,,
59,65,98,84,56,PCM,PCB,Commerce,Arts
36,91,81,46,85,Commerce,Arts,,
43,57,38,52,71,Arts,,,
42,49,49,82,72,Arts,,,
96,42,92,88,49,PCM,PCB,Commerce,Arts
66,98,90,66,46,Commerce,Arts,,
71,68,82,97,48,PCM,PCB,Commerce,Arts
49,84,75,83,95,PCM,PCB,Commerce,Arts
87,49,56,58,92,Commerce,Arts,,
50,68,71,92,88,PCM,PCB,Commerce,Arts
35,44,53,100,36,Commerce,Arts,,
96,34,89,31,83,Commerce,Arts,,
71,56,74,91,79,PCM,PCB,Commerce,Arts
35,30,53,76,53,Arts,,,
65,96,50,57,82,Arts,,,
58,50,70,45,95,Commerce,Arts,,
35,82,99,37,30,Commerce,Arts,,
40,86,88,85,62,PCM,PCB,Commerce,Arts
49,65,52,50,36,Commerce,Arts,,
38,40,92,80,81,Commerce,Arts,,
48,32,75,39,51,Arts,,,
36,74,72,32,38,Commerce,Arts,,
44,43,32,43,94,Arts,,,
82,34,49,51,99,Arts,,,
80,38,31,41,93,Arts,,,
90,94,30,44,33,Arts,,,
34,67,99,62,83,Commerce,Arts,,
87,31,78,64,91,Commerce,Arts,,
51,49,58,93,42,Commerce,Arts,,
58,56,33,51,47,Arts,,,
85,87,43,91,100,PCM,PCB,Commerce,Arts
92,76,87,96,63,PCM,PCB,Commerce,Arts
57,60,86,93,32,Commerce,Arts,,
33,47,45,71,68,Arts,,,
30,57,63,92,32,Commerce,Arts,,
48,53,44,47,59,Arts,,,
31,91,47,80,79,Arts,,,
41,45,49,79,85,Arts,,,
43,100,96,82,83,PCM,PCB,Commerce,Arts
95,97,44,46,70,Arts,,,
92,59,76,73,32,Commerce,Arts,,
46,43,46,41,54,Arts,,,
97,100,65,65,61,Arts,,,
48,42,44,92,32,Arts,,,
46,77,75,35,94,Commerce,Arts,,
45,49,50,32,66,Arts,,,
39,77,35,39,89,Arts,,,
53,46,50,59,56,Commerce,Arts,,
89,96,88,89,58,PCM,PCB,Commerce,Arts
35,81,50,76,63,Commerce,Arts,,
35,74,73,30,91,Commerce,Arts,,
68,73,59,90,80,PCB,Arts,,
60,42,80,50,62,Commerce,Arts,,
41,66,86,60,56,Commerce,Arts,,
54,34,97,32,74,Commerce,Arts,,
62,48,39,63,62,Arts,,,
70,56,41,40,37,Arts,,,
47,65,85,51,47,Commerce,Arts,,
46,45,95,78,68,Commerce,Arts,,
74,49,100,52,70,Commerce,Arts,,
62,95,48,37,49,Arts,,,
32,48,97,48,49,Commerce,Arts,,
86,65,68,72,94,PCB,Arts,,
49,35,81,94,49,Commerce,Arts,,
45,69,59,100,90,PCB,Arts,,
31,33,49,58,33,Arts,,,
42,43,35,76,81,Arts,,,
95,49,78,99,49,PCM,PCB,Commerce,Arts
57,83,50,54,61,Commerce,Arts,,
30,41,36,77,100,Arts,,,
54,34,87,37,86,Commerce,Arts,,
58,91,72,60,72,Commerce,Arts,,
43,85,75,49,45,Commerce,Arts,,
96,32,64,42,55,Commerce,Arts,,
71,98,35,82,90,PCB,Arts,,
37,70,32,78,90,Arts,,,
95,56,50,44,38,Commerce,Arts,,
36,98,59,49,63,Commerce,Arts,,
94,64,31,32,63,Arts,,,
52,45,46,98,45,Arts,,,
83,62,48,90,63,Arts,,,
77,100,62,53,80,Arts,,,
44,100,77,68,35,Commerce,Arts,,
77,83,30,40,43,Arts,,,
82,49,67,73,83,PCB,Arts,,
59,30,60,49,45,Arts,,,
45,49,95,50,64,Commerce,Arts,,
38,41,71,79,32,Commerce,Arts,,
62,78,56,83,86,PCB,Arts,,
72,57,37,100,57,Arts,,,
51,78,63,96,58,Commerce,Arts,,
49,61,73,96,87,PCM,PCB,Commerce,Arts
69,98,87,41,88,Commerce,Arts,,
31,86,64,48,74,Commerce,Arts,,
92,99,36,46,63,Arts,,,
36,69,40,93,54,Arts,,,
88,34,92,34,66,Commerce,Arts,,
34,88,71,71,30,Commerce,Arts,,
55,93,39,31,92,Arts,,,
85,81,55,47,44,Commerce,Arts,,
77,42,56,96,90,PCB,Arts,,
57,79,60,31,67,Commerce,Arts,,
46,90,72,72,90,PCM,PCB,Commerce,Arts
71,94,84,74,87,PCM,PCB,Commerce,Arts
37,79,43,43,91,Arts,,,
79,96,53,98,88,PCM,PCB,Commerce,Arts
54,66,84,52,75,Commerce,Arts,,
65,74,47,66,41,Arts,,,
58,83,49,57,62,Arts,,,
81,78,58,36,91,Commerce,Arts,,
78,31,50,77,76,Commerce,Arts,,
75,48,97,89,41,PCM,PCB,Commerce,Arts
72,91,85,46,73,Commerce,Arts,,
98,82,56,38,30,Commerce,Arts,,
67,44,94,85,59,Commerce,Arts,,
42,52,87,64,46,Commerce,Arts,,
79,45,35,75,51,Arts,,,
82,68,86,70,76,PCM,PCB,Commerce,Arts
30,42,44,95,44,Arts,,,
53,75,67,42,63,Commerce,Arts,,
91,75,82,86,31,PCM,PCB,Commerce,Arts
63,37,42,51,94,Arts,,,
76,50,64,74,49,Commerce,Arts,,
66,39,30,79,96,Arts,,,
98,77,68,68,64,Arts,,,
60,42,50,53,63,Commerce,Arts,,
68,82,91,62,37,Commerce,Arts,,
70,77,46,79,87,PCB,Arts,,
94,52,89,96,88,PCM,PCB,Commerce,Arts
